"uuid";"uri";"lengte_wkt_string";"databron"
"26473f3f-e531-4a2d-a84d-ce71a48ee08a";"https://grp.data.wegenenverkeer.be/ns/installatie#IMKLActivityComplex";37197;"OTL"
"b06bb983-8aac-448c-a062-f85ed03963c8";"https://grp.data.wegenenverkeer.be/ns/installatie#IMKLActivityComplex";33203;"OTL"
"f5213ad2-43b8-448d-925b-eebda278361d";"https://grp.data.wegenenverkeer.be/ns/installatie#IMKLActivityComplex";46257;"OTL"
"6d012c0f-5b36-4109-949b-877f4c84c0b8";"https://grp.data.wegenenverkeer.be/ns/installatie#IMKLActivityComplex";35138;"OTL"
"f890bbc7-6019-44ae-9fee-8628537ec6f0";"https://grp.data.wegenenverkeer.be/ns/installatie#IMKLActivityComplex";35346;"OTL"
"907aa2d6-19f7-4756-a756-9a4b40d6cce2";"https://grp.data.wegenenverkeer.be/ns/installatie#IMKLActivityComplex";57349;"OTL"
"85dc7413-b23c-4117-94de-57b6c2aff5f7";"https://grp.data.wegenenverkeer.be/ns/installatie#IMKLActivityComplex";32874;"OTL"
"46ad2f12-2ffa-4955-b536-d4044efa5f42";"https://grp.data.wegenenverkeer.be/ns/installatie#IMKLActivityComplex";34385;"OTL"
"70360216-c5b1-454b-a80e-106db757790a";"https://grp.data.wegenenverkeer.be/ns/installatie#IMKLActivityComplex";32823;"OTL"
"5b9e10b9-948f-4c22-895a-61ea82c8e217";"https://grp.data.wegenenverkeer.be/ns/installatie#IMKLActivityComplex";41772;"OTL"
"75a9bcc3-3a72-4b24-8385-21e6d38a5d8e";"https://grp.data.wegenenverkeer.be/ns/installatie#IMKLActivityComplex";37571;"OTL"
"e7a4e319-d599-40cb-845d-6c9bc83772c9";"https://grp.data.wegenenverkeer.be/ns/installatie#IMKLActivityComplex";42243;"OTL"
"5b77fcf9-ceee-4a69-9a4e-acad2679f487";"https://grp.data.wegenenverkeer.be/ns/installatie#IMKLActivityComplex";41772;"OTL"
"a649b362-e08f-412a-accb-1c1448d365e8";"https://grp.data.wegenenverkeer.be/ns/installatie#IMKLActivityComplex";38294;"OTL"
"c75829da-9ea7-4743-8b56-b5bc105b277c";"https://grp.data.wegenenverkeer.be/ns/installatie#IMKLActivityComplex";35828;"OTL"
"69a28788-8dd5-49dd-b5f0-020711b0ee81";"https://grp.data.wegenenverkeer.be/ns/installatie#IMKLActivityComplex";56579;"OTL"
"8247eb93-7672-46b7-b6d0-2160e7bc7d15";"https://grp.data.wegenenverkeer.be/ns/installatie#IMKLElectricityCable";35654;"OTL"
"efad8198-fcae-4c2f-b2c6-92c01651197b";"https://grp.data.wegenenverkeer.be/ns/installatie#IMKLElectricityCable";68518;"OTL"
"fa2474ca-19ef-43c5-8b90-d6f5d22cadf3";"https://grp.data.wegenenverkeer.be/ns/installatie#IMKLElectricityCable";48476;"OTL"
"e11f18be-1e03-441d-ad83-e7c59baafe7d";"https://grp.data.wegenenverkeer.be/ns/installatie#IMKLExtraPlan";52569;"OTL"
"af73ccf1-a242-41a4-8288-c10d72026ad3";"https://grp.data.wegenenverkeer.be/ns/installatie#IMKLExtraPlan";50468;"OTL"
"0741fdf5-d9d4-4714-b9d7-07e6279b2d00";"https://grp.data.wegenenverkeer.be/ns/installatie#IMKLExtraPlan";59357;"OTL"
"02f6c908-a6c1-463a-875a-a4db317208dc";"https://grp.data.wegenenverkeer.be/ns/installatie#IMKLExtraPlan";36617;"OTL"
"c6c440d2-8c8e-455b-ae74-4b29a2588f09";"https://grp.data.wegenenverkeer.be/ns/installatie#IMKLExtraPlan";39743;"OTL"
"0b616b91-414c-4619-9973-3460e07fc8b1";"https://grp.data.wegenenverkeer.be/ns/installatie#IMKLExtraPlan";48089;"OTL"
"a08e9caf-e4e5-45b9-b46b-e24cec0ae782";"https://grp.data.wegenenverkeer.be/ns/installatie#IMKLExtraPlan";50437;"OTL"
"1dad7b06-fcfb-482e-a298-84bb6c940cd4";"https://grp.data.wegenenverkeer.be/ns/installatie#IMKLExtraPlan";43893;"OTL"
"baeae0c5-456f-48eb-bf47-dc7e4b7d2cfb";"https://grp.data.wegenenverkeer.be/ns/installatie#IMKLExtraPlan";37678;"OTL"
"dd8dc615-14d7-47ca-907e-34844f85779a";"https://grp.data.wegenenverkeer.be/ns/installatie#IMKLExtraPlan";76777;"OTL"
"1454726f-2f50-4131-bae6-1a512e359076";"https://grp.data.wegenenverkeer.be/ns/installatie#IMKLExtraPlan";59584;"OTL"
"97136b0a-e13a-4138-9b94-21f186a07335";"https://grp.data.wegenenverkeer.be/ns/installatie#IMKLExtraPlan";55377;"OTL"
"78079924-5989-4153-85f7-07986820691c";"https://grp.data.wegenenverkeer.be/ns/installatie#IMKLExtraPlan";50460;"OTL"
"7dc85293-010d-479f-bc02-c6a3618e9e05";"https://grp.data.wegenenverkeer.be/ns/installatie#IMKLExtraPlan";48327;"OTL"
"dbcf33f3-5e26-4b0d-ab6c-0e06be93fefd";"https://grp.data.wegenenverkeer.be/ns/installatie#IMKLExtraPlan";68473;"OTL"
"8299cd34-55e1-47b5-ae1b-5ea3f1887b7e";"https://grp.data.wegenenverkeer.be/ns/installatie#IMKLExtraPlan";46175;"OTL"
"2272fe4c-137b-4cd0-8abd-2255d0776457";"https://grp.data.wegenenverkeer.be/ns/installatie#IMKLExtraPlan";78434;"OTL"
"62108c93-7ef2-4705-a5fb-e8d7d9345cbe";"https://grp.data.wegenenverkeer.be/ns/installatie#IMKLExtraPlan";73364;"OTL"
"f55bc17f-ed88-4c0c-8abf-ab33e5911d93";"https://grp.data.wegenenverkeer.be/ns/installatie#IMKLExtraPlan";42058;"OTL"
"8a78b14e-aa91-4349-870c-37cf56452ab2";"https://grp.data.wegenenverkeer.be/ns/installatie#IMKLExtraPlan";71585;"OTL"
"bff61b26-da97-404d-9e04-44b02aa2f5c2";"https://grp.data.wegenenverkeer.be/ns/installatie#IMKLExtraPlan";74981;"OTL"
"8eec29a6-7a9a-42ed-89ed-299dfc8a6678";"https://grp.data.wegenenverkeer.be/ns/installatie#IMKLExtraPlan";40796;"OTL"
"0d57cdf8-a3b9-4eea-831a-f4787d622405";"https://grp.data.wegenenverkeer.be/ns/installatie#IMKLExtraPlan";37376;"OTL"
"d8161e7a-f86b-48a5-b7d9-5c558579dce4";"https://grp.data.wegenenverkeer.be/ns/installatie#IMKLExtraPlan";52485;"OTL"
"5051fb8d-4f56-40c5-8b4e-b69a98a22c2b";"https://grp.data.wegenenverkeer.be/ns/installatie#IMKLExtraPlan";46281;"OTL"
"cf8b271d-4b3a-45ed-957d-0b64184cc6b3";"https://grp.data.wegenenverkeer.be/ns/installatie#IMKLExtraPlan";54838;"OTL"
"2f86f6b7-27d6-40d3-9994-81e9ccc0234f";"https://grp.data.wegenenverkeer.be/ns/installatie#IMKLExtraPlan";39732;"OTL"
"4b36a1a1-cc65-49ad-898b-32902fb13980";"https://grp.data.wegenenverkeer.be/ns/installatie#IMKLExtraPlan";60840;"OTL"
"34fe8eb1-3733-4e6a-b607-eecace7bc596";"https://grp.data.wegenenverkeer.be/ns/installatie#IMKLExtraPlan";47344;"OTL"
"cf26a5e2-abf4-42fa-b667-4339f330d816";"https://grp.data.wegenenverkeer.be/ns/installatie#IMKLExtraPlan";39199;"OTL"
"c13f97b2-3c79-4bb7-a5b8-d7e663fb0b4e";"https://grp.data.wegenenverkeer.be/ns/installatie#IMKLPipe";215598;"OTL"
"084a12ce-e5e9-4cec-b3f1-33144722e8d3";"https://grp.data.wegenenverkeer.be/ns/installatie#IMKLPipe";69739;"OTL"
"2482999b-ed04-47a7-a1ff-d220e176d75f";"https://grp.data.wegenenverkeer.be/ns/installatie#IMKLPipe";36546;"OTL"
"311bf4fc-9b32-4350-ba3b-ce2d33794aae";"https://grp.data.wegenenverkeer.be/ns/installatie#IMKLPipe";69785;"OTL"
"2cecc8f4-0207-40d6-becc-adb6b0c5547b";"https://grp.data.wegenenverkeer.be/ns/installatie#IMKLPipe";215817;"OTL"
"588d426d-5c05-460d-a363-93adafadb32d";"https://grp.data.wegenenverkeer.be/ns/installatie#IMKLPipe";80128;"OTL"
"9205b23b-b4e8-42ad-92d5-f2c79747b6fe";"https://grp.data.wegenenverkeer.be/ns/installatie#IMKLPipe";43664;"OTL"
"e70f4198-041d-4f25-bd72-361c8b7202a6";"https://grp.data.wegenenverkeer.be/ns/installatie#IMKLPipe";48231;"OTL"
"b83bd357-c24e-41d5-8429-e87ce1d8ee40";"https://grp.data.wegenenverkeer.be/ns/installatie#IMKLPipe";48534;"OTL"
"b1804298-2254-4ced-8cf8-bba9c965e92f";"https://grp.data.wegenenverkeer.be/ns/installatie#IMKLPipe";383716;"OTL"
"b0b93d52-f0df-40a6-b0b0-40a56d420425";"https://grp.data.wegenenverkeer.be/ns/installatie#IMKLPipe";36582;"OTL"
"f894c0f8-0d27-427a-b64e-b39cfd594855";"https://grp.data.wegenenverkeer.be/ns/installatie#IMKLPipe";80129;"OTL"
"2ad623b4-36e6-4f3f-a926-58ae831ec249";"https://grp.data.wegenenverkeer.be/ns/installatie#IMKLPipe";35808;"OTL"
"c14d3296-8529-4250-bc6a-d377a01b33d8";"https://grp.data.wegenenverkeer.be/ns/installatie#IMKLPipe";383701;"OTL"
"56219e88-8570-46d8-86e8-c5708f602773";"https://grp.data.wegenenverkeer.be/ns/installatie#IMKLPipe";43389;"OTL"
"5885f421-f833-4306-aa6c-15dd25c28e8b";"https://grp.data.wegenenverkeer.be/ns/installatie#IMKLPipe";48519;"OTL"
"db0744d6-2729-4ba3-b3ba-e53eb0f8f8a4";"https://grp.data.wegenenverkeer.be/ns/installatie#IMKLPipe";34165;"OTL"
"1208713a-65e7-4474-86d5-f519755f5d2d";"https://grp.data.wegenenverkeer.be/ns/installatie#IMKLTelecomCable";48476;"OTL"
"47f58309-61af-4f4f-b83d-7d1c80969ec6";"https://grp.data.wegenenverkeer.be/ns/installatie#IMKLTelecomCable";104154;"OTL"
"5f066318-4e56-4fd9-ade9-ec386d49db8a";"https://grp.data.wegenenverkeer.be/ns/installatie#IMKLTelecomCable";48476;"OTL"
"6e6b5d9b-5693-40da-9705-d50925ae8f86";"https://grp.data.wegenenverkeer.be/ns/installatie#IMKLTelecomCable";48476;"OTL"
"7bdee5df-a8d3-4fdc-9681-c562ce187b56";"https://grp.data.wegenenverkeer.be/ns/installatie#IMKLTelecomCable";48476;"OTL"
"5eda3418-0a0b-439c-aa15-7353e9309a55";"https://wegenenverkeer.data.vlaanderen.be/ns/implementatieelement#ActivityComplex";33203;"LGC; OTL"
"19f86f77-d07e-486d-a7a7-8dd3a839b2b3";"https://wegenenverkeer.data.vlaanderen.be/ns/implementatieelement#ActivityComplex";35828;"LGC; OTL"
"a5965c2d-e5e4-4236-8324-cf977c654dca";"https://wegenenverkeer.data.vlaanderen.be/ns/implementatieelement#ActivityComplex";38294;"LGC; OTL"
"71aa5602-c228-4d57-9ace-bb9c0411706e";"https://wegenenverkeer.data.vlaanderen.be/ns/implementatieelement#ActivityComplex";46257;"LGC; OTL"
"7723e750-8fea-48d4-aa7f-4aa5c2861191";"https://wegenenverkeer.data.vlaanderen.be/ns/implementatieelement#ActivityComplex";41772;"LGC; OTL"
"db93b59b-0631-48f5-9299-bec9303232b5";"https://wegenenverkeer.data.vlaanderen.be/ns/implementatieelement#ActivityComplex";37571;"LGC; OTL"
"896389fa-ea62-4d72-a875-ce225c6789bb";"https://wegenenverkeer.data.vlaanderen.be/ns/implementatieelement#ActivityComplex";35346;"LGC; OTL"
"8ef19f05-30f6-4e94-933b-8e13a2fc22a2";"https://wegenenverkeer.data.vlaanderen.be/ns/implementatieelement#ActivityComplex";32823;"LGC; OTL"
"0c443bd2-21fc-4b0d-a31e-afd6507816f1";"https://wegenenverkeer.data.vlaanderen.be/ns/implementatieelement#ActivityComplex";37197;"LGC; OTL"
"db7a6414-b571-4224-9da6-df1fb3ff623f";"https://wegenenverkeer.data.vlaanderen.be/ns/implementatieelement#ActivityComplex";34385;"LGC; OTL"
"383f911c-dd61-4173-a37c-3eb6c8def832";"https://wegenenverkeer.data.vlaanderen.be/ns/implementatieelement#ActivityComplex";56579;"LGC; OTL"
"f8b47e3b-38bb-42c6-946e-25fa1a78fda8";"https://wegenenverkeer.data.vlaanderen.be/ns/implementatieelement#ActivityComplex";41772;"LGC; OTL"
"00a3c1ff-9f03-4d5e-9128-d8708ef9ca4f";"https://wegenenverkeer.data.vlaanderen.be/ns/implementatieelement#ActivityComplex";57349;"LGC; OTL"
"458f9c7d-e9e6-4324-a2a9-438c2bd18dfc";"https://wegenenverkeer.data.vlaanderen.be/ns/implementatieelement#ActivityComplex";35138;"LGC; OTL"
"c1d16309-3231-467f-b2d0-4a0afcf6cae2";"https://wegenenverkeer.data.vlaanderen.be/ns/implementatieelement#ActivityComplex";32874;"LGC; OTL"
"bad66218-a331-4444-8b7a-e344bb9289d5";"https://wegenenverkeer.data.vlaanderen.be/ns/implementatieelement#ActivityComplex";42243;"LGC; OTL"
"63d27c1c-3275-45bd-87a8-fe58c63258b9";"https://wegenenverkeer.data.vlaanderen.be/ns/installatie#BasisverlichtingTunnel";119088;"LGC"
"329d791e-0202-45cf-8c43-f4c13d232693";"https://wegenenverkeer.data.vlaanderen.be/ns/installatie#BasisverlichtingTunnel";120385;"LGC; OTL"
"ad4fe422-4d3f-44b6-a732-0c04727e3014";"https://wegenenverkeer.data.vlaanderen.be/ns/installatie#BasisverlichtingTunnel";111200;"LGC; OTL"
"399b449c-4fc4-44e2-91ed-04ada65a1c50";"https://wegenenverkeer.data.vlaanderen.be/ns/installatie#BasisverlichtingTunnel";109941;"LGC; OTL"
"e91abaa0-01ed-488a-a4e6-f8b35bcd97d2";"https://wegenenverkeer.data.vlaanderen.be/ns/installatie#Leuning";105104;"LGC"
"6c962782-4e2b-4fcc-a5c1-7523b25b437e";"https://wegenenverkeer.data.vlaanderen.be/ns/installatie#Tunnelverlichting";103879;"OTL; LGC"
"b40ad22d-2ff7-4bc2-b4e3-6e1ae43f85c3";"https://wegenenverkeer.data.vlaanderen.be/ns/installatie#Tunnelverlichting";98098;"LGC; OTL"
"fc455958-728f-4cd3-9dff-d7af36f888ec";"https://wegenenverkeer.data.vlaanderen.be/ns/installatie#Tunnelverlichting";98105;"LGC"
"3e57f3fd-ab4a-482f-897a-084b2d4d3f4c";"https://wegenenverkeer.data.vlaanderen.be/ns/installatie#Tunnelverlichting";103879;"OTL; LGC"
"3835fafe-3f0d-4f10-a455-822f927d277d";"https://wegenenverkeer.data.vlaanderen.be/ns/onderdeel#AanvullendeGeometrie";123320;"LGC; OTL"
"759eaca2-880a-444c-9808-04bee7329c95";"https://wegenenverkeer.data.vlaanderen.be/ns/onderdeel#Beschermbuis";80129;"LGC; OTL"
"202d109b-7da5-48c8-9c49-e7ad8034ba4e";"https://wegenenverkeer.data.vlaanderen.be/ns/onderdeel#Beschermbuis";215817;"LGC; OTL"
"570b0868-8361-45ea-b04e-c2fe109e996a";"https://wegenenverkeer.data.vlaanderen.be/ns/onderdeel#Beschermbuis";215598;"LGC; OTL"
"6adf1ebc-f5de-48eb-ae58-666bdc481838";"https://wegenenverkeer.data.vlaanderen.be/ns/onderdeel#Beschermbuis";36546;"LGC; OTL"
"f1956ed2-94fa-475a-bcd5-8b6e97e2835d";"https://wegenenverkeer.data.vlaanderen.be/ns/onderdeel#Beschermbuis";35808;"LGC; OTL"
"46b29571-b60b-4d79-9038-a4ebdb788cff";"https://wegenenverkeer.data.vlaanderen.be/ns/onderdeel#Beschermbuis";43664;"LGC; OTL"
"ce6ffad0-e4fa-4242-a416-a46caef44f1d";"https://wegenenverkeer.data.vlaanderen.be/ns/onderdeel#Beschermbuis";48231;"LGC; OTL"
"30813868-5aac-4f60-be76-50070a4cf7a5";"https://wegenenverkeer.data.vlaanderen.be/ns/onderdeel#Beschermbuis";383701;"LGC; OTL"
"b2cfd8a2-6320-4a00-b43b-4e301829510e";"https://wegenenverkeer.data.vlaanderen.be/ns/onderdeel#Beschermbuis";48519;"LGC; OTL"
"ed7e77d0-7370-4799-85a2-74a083d4cb57";"https://wegenenverkeer.data.vlaanderen.be/ns/onderdeel#Beschermbuis";80128;"LGC; OTL"
"d053a601-27a6-422f-9cfd-8d7b79aa204a";"https://wegenenverkeer.data.vlaanderen.be/ns/onderdeel#Beschermbuis";383716;"LGC; OTL"
"2d689c84-2c45-4045-b53c-3326247b42db";"https://wegenenverkeer.data.vlaanderen.be/ns/onderdeel#Beschermbuis";34165;"LGC; OTL"
"0298ec95-5ad2-40e1-8556-c434c8fef4fe";"https://wegenenverkeer.data.vlaanderen.be/ns/onderdeel#Beschermbuis";43389;"LGC; OTL"
"921da1d5-2699-4d37-a75c-3619e29e9fcf";"https://wegenenverkeer.data.vlaanderen.be/ns/onderdeel#Beschermbuis";48534;"LGC; OTL"
"e0a1b3b9-b299-40e8-8dd9-3b47d2d29ed4";"https://wegenenverkeer.data.vlaanderen.be/ns/onderdeel#Beschermbuis";69785;"LGC; OTL"
"3e892c8c-23f3-472a-942a-9e63f79469eb";"https://wegenenverkeer.data.vlaanderen.be/ns/onderdeel#Beschermbuis";69739;"LGC; OTL"
"117c64f2-5b9a-4e6c-8696-cfacc6638bd0";"https://wegenenverkeer.data.vlaanderen.be/ns/onderdeel#Beschermbuis";36582;"LGC; OTL"
"9c98da85-b1e5-4bea-afdf-279eafebb8c2";"https://wegenenverkeer.data.vlaanderen.be/ns/onderdeel#BestratingVanBetonstraatsteen";109746;"OTL"
"712a6a3a-525f-4118-9088-67771ee85ea0";"https://wegenenverkeer.data.vlaanderen.be/ns/onderdeel#BestratingVanKassei";37683;"LGC; OTL"
"ff37ff94-c2b2-4828-b230-82bac299c12d";"https://wegenenverkeer.data.vlaanderen.be/ns/onderdeel#BitumineuzeLaag";48949;"LGC; OTL"
"04f3dc8f-e80c-4583-a546-132698924892";"https://wegenenverkeer.data.vlaanderen.be/ns/onderdeel#BitumineuzeLaag";36908;"LGC; OTL"
"06218886-5f1f-46f5-befe-1da051bafb5e";"https://wegenenverkeer.data.vlaanderen.be/ns/onderdeel#BitumineuzeLaag";61982;"LGC; OTL"
"0693a4cd-adb2-4c59-aed0-e401b1f0850b";"https://wegenenverkeer.data.vlaanderen.be/ns/onderdeel#BitumineuzeLaag";139363;"LGC; OTL"
"0bcfa23b-df63-4b09-9780-fa50491f79b3";"https://wegenenverkeer.data.vlaanderen.be/ns/onderdeel#BitumineuzeLaag";47805;"LGC; OTL"
"0cc712ab-40be-4158-85ae-d92efca1e60c";"https://wegenenverkeer.data.vlaanderen.be/ns/onderdeel#BitumineuzeLaag";108397;"LGC; OTL"
"0edf8ccd-06e8-4dbc-80b6-b51117393f68";"https://wegenenverkeer.data.vlaanderen.be/ns/onderdeel#BitumineuzeLaag";46282;"LGC; OTL"
"0f10d06a-df6c-4ba9-9fa5-edd9237a0157";"https://wegenenverkeer.data.vlaanderen.be/ns/onderdeel#BitumineuzeLaag";42932;"LGC; OTL"
"0f3ab35f-8160-4363-ad75-8641917f6b6f";"https://wegenenverkeer.data.vlaanderen.be/ns/onderdeel#BitumineuzeLaag";62293;"LGC; OTL"
"1089b00a-aa81-459e-b767-78addbd96561";"https://wegenenverkeer.data.vlaanderen.be/ns/onderdeel#BitumineuzeLaag";50109;"LGC; OTL"
"127d4186-75ca-4a90-a81b-ee206d60aa1c";"https://wegenenverkeer.data.vlaanderen.be/ns/onderdeel#BitumineuzeLaag";90431;"LGC; OTL"
"13012631-a287-4ff4-b133-0ed9e81c32da";"https://wegenenverkeer.data.vlaanderen.be/ns/onderdeel#BitumineuzeLaag";86220;"LGC; OTL"
"152fe185-9ea7-4ddb-9ce8-7f1edf0bd12f";"https://wegenenverkeer.data.vlaanderen.be/ns/onderdeel#BitumineuzeLaag";40533;"LGC; OTL"
"198bcf69-f51d-46de-a1a4-ddd58fc16691";"https://wegenenverkeer.data.vlaanderen.be/ns/onderdeel#BitumineuzeLaag";63494;"LGC; OTL"
"1b512458-61d5-4b15-a97f-9e365fbdad5a";"https://wegenenverkeer.data.vlaanderen.be/ns/onderdeel#BitumineuzeLaag";96218;"LGC; OTL"
"1b53d9e8-ba03-40d1-8b8d-1c20408bc33e";"https://wegenenverkeer.data.vlaanderen.be/ns/onderdeel#BitumineuzeLaag";46726;"LGC; OTL"
"1c92bd71-e29b-41da-9c51-4c8a9e640a25";"https://wegenenverkeer.data.vlaanderen.be/ns/onderdeel#BitumineuzeLaag";45882;"LGC; OTL"
"2285a5ab-1cf2-422a-bc63-464fa5ce2434";"https://wegenenverkeer.data.vlaanderen.be/ns/onderdeel#BitumineuzeLaag";137396;"OTL; LGC"
"291038bc-c896-4e17-8363-013050c80436";"https://wegenenverkeer.data.vlaanderen.be/ns/onderdeel#BitumineuzeLaag";51100;"LGC; OTL"
"2a3a7baf-caf9-4a10-a5b6-f19bd32d0c4c";"https://wegenenverkeer.data.vlaanderen.be/ns/onderdeel#BitumineuzeLaag";41673;"LGC; OTL"
"2ad80e14-fd67-49a1-a424-5348fda16447";"https://wegenenverkeer.data.vlaanderen.be/ns/onderdeel#BitumineuzeLaag";146183;"LGC; OTL"
"2ce2e206-3dc7-4fed-a31a-bb95a0976cd1";"https://wegenenverkeer.data.vlaanderen.be/ns/onderdeel#BitumineuzeLaag";53720;"LGC; OTL"
"38ca2e11-7993-49f1-9a0b-5ba4e88b5a91";"https://wegenenverkeer.data.vlaanderen.be/ns/onderdeel#BitumineuzeLaag";74923;"LGC; OTL"
"3e7e1a86-b7bc-4e80-931c-9ca3521a615e";"https://wegenenverkeer.data.vlaanderen.be/ns/onderdeel#BitumineuzeLaag";39078;"LGC; OTL"
"3ef4d1d4-8912-457a-8fd1-acc8f0ab9cc3";"https://wegenenverkeer.data.vlaanderen.be/ns/onderdeel#BitumineuzeLaag";221432;"OTL; LGC"
"41311f48-69d8-44ec-8199-df761502462d";"https://wegenenverkeer.data.vlaanderen.be/ns/onderdeel#BitumineuzeLaag";50414;"LGC; OTL"
"418ac874-ba29-4d72-8cc9-5c8a0cc687a9";"https://wegenenverkeer.data.vlaanderen.be/ns/onderdeel#BitumineuzeLaag";55686;"LGC; OTL"
"44046bca-eab2-414d-b92d-e1def2ed2fe4";"https://wegenenverkeer.data.vlaanderen.be/ns/onderdeel#BitumineuzeLaag";55269;"LGC; OTL"
"4629ce27-697d-483a-9aeb-2e90e9252b3c";"https://wegenenverkeer.data.vlaanderen.be/ns/onderdeel#BitumineuzeLaag";74976;"LGC; OTL"
"4812cc6e-05c6-4ca8-9eb3-0c51d54a650a";"https://wegenenverkeer.data.vlaanderen.be/ns/onderdeel#BitumineuzeLaag";35184;"LGC; OTL"
"48e6b47d-5b22-4966-bb9d-0ba21e9f6152";"https://wegenenverkeer.data.vlaanderen.be/ns/onderdeel#BitumineuzeLaag";136923;"OTL; LGC"
"4a4c0a2e-5ee5-4c87-a9b6-ca53b47f2e6a";"https://wegenenverkeer.data.vlaanderen.be/ns/onderdeel#BitumineuzeLaag";41092;"LGC; OTL"
"4ace55f3-4d22-4c3b-93c2-2b965bbcc813";"https://wegenenverkeer.data.vlaanderen.be/ns/onderdeel#BitumineuzeLaag";44127;"LGC; OTL"
"4c1be65d-a6bc-4a43-9f21-ab1d14031ba4";"https://wegenenverkeer.data.vlaanderen.be/ns/onderdeel#BitumineuzeLaag";61445;"LGC; OTL"
"52ebe21c-3a5d-4e14-8fdb-cb4f05572223";"https://wegenenverkeer.data.vlaanderen.be/ns/onderdeel#BitumineuzeLaag";59066;"LGC; OTL"
"53ffc9c2-171c-46e3-8252-55bf8a9cb719";"https://wegenenverkeer.data.vlaanderen.be/ns/onderdeel#BitumineuzeLaag";51095;"LGC; OTL"
"543f57ae-4dec-411a-90f0-704a5091c6b1";"https://wegenenverkeer.data.vlaanderen.be/ns/onderdeel#BitumineuzeLaag";81435;"LGC; OTL"
"552348f5-fa66-4e17-a15a-9c37ea22a1de";"https://wegenenverkeer.data.vlaanderen.be/ns/onderdeel#BitumineuzeLaag";35453;"LGC; OTL"
"5e815d36-79c4-4115-bf88-5e7c2ca7009f";"https://wegenenverkeer.data.vlaanderen.be/ns/onderdeel#BitumineuzeLaag";67310;"LGC; OTL"
"60bf8c97-2989-4313-bcdc-a3ab5589db11";"https://wegenenverkeer.data.vlaanderen.be/ns/onderdeel#BitumineuzeLaag";56174;"LGC; OTL"
"60edc333-dd88-479f-bb23-8917fb2a41a5";"https://wegenenverkeer.data.vlaanderen.be/ns/onderdeel#BitumineuzeLaag";89981;"LGC; OTL"
"62e12d59-89a4-4d26-827b-24d7298e1932";"https://wegenenverkeer.data.vlaanderen.be/ns/onderdeel#BitumineuzeLaag";40319;"LGC; OTL"
"6901db1e-29a3-4280-9374-50475331a61e";"https://wegenenverkeer.data.vlaanderen.be/ns/onderdeel#BitumineuzeLaag";52154;"LGC; OTL"
"6af58dc5-7993-46a1-8028-b844ff4cfc31";"https://wegenenverkeer.data.vlaanderen.be/ns/onderdeel#BitumineuzeLaag";111278;"LGC; OTL"
"6b720f48-3d1d-4451-9aa2-be417e3406ae";"https://wegenenverkeer.data.vlaanderen.be/ns/onderdeel#BitumineuzeLaag";168947;"LGC; OTL"
"7062e07e-e3d6-4bfd-8c3d-9b602c7c7ea2";"https://wegenenverkeer.data.vlaanderen.be/ns/onderdeel#BitumineuzeLaag";57642;"LGC; OTL"
"734bff7c-9eaf-498a-851b-950d7292ae92";"https://wegenenverkeer.data.vlaanderen.be/ns/onderdeel#BitumineuzeLaag";37136;"LGC; OTL"
"81243669-36e9-4b6c-9bc1-0e3228a32fe5";"https://wegenenverkeer.data.vlaanderen.be/ns/onderdeel#BitumineuzeLaag";33065;"LGC; OTL"
"8365822d-3ccd-4819-a1fc-2bfe254331eb";"https://wegenenverkeer.data.vlaanderen.be/ns/onderdeel#BitumineuzeLaag";103803;"LGC; OTL"
"854332b3-ba94-4b6d-9a92-c4ac68a4e329";"https://wegenenverkeer.data.vlaanderen.be/ns/onderdeel#BitumineuzeLaag";232815;"OTL; LGC"
"86c81aa2-b014-49d1-b6c8-590a4899af6b";"https://wegenenverkeer.data.vlaanderen.be/ns/onderdeel#BitumineuzeLaag";38076;"LGC; OTL"
"89f16210-359e-4d60-a3ae-ec08e560b8e1";"https://wegenenverkeer.data.vlaanderen.be/ns/onderdeel#BitumineuzeLaag";34849;"LGC; OTL"
"8e0a6d9d-2eda-4f0f-86f2-2abd27bfdf85";"https://wegenenverkeer.data.vlaanderen.be/ns/onderdeel#BitumineuzeLaag";57705;"LGC; OTL"
"9231af7e-b8b0-4396-a466-37397bbb8cb9";"https://wegenenverkeer.data.vlaanderen.be/ns/onderdeel#BitumineuzeLaag";33403;"LGC; OTL"
"930c1e57-dbe3-4787-8038-a3a21ea6272b";"https://wegenenverkeer.data.vlaanderen.be/ns/onderdeel#BitumineuzeLaag";137396;"OTL; LGC"
"9384cb76-78aa-4aaa-90cf-054e5f853a5d";"https://wegenenverkeer.data.vlaanderen.be/ns/onderdeel#BitumineuzeLaag";109665;"LGC; OTL"
"9412f959-e213-458d-b9b5-677b5fb70ed0";"https://wegenenverkeer.data.vlaanderen.be/ns/onderdeel#BitumineuzeLaag";76112;"LGC; OTL"
"952c2b0b-3f8f-4445-ac40-b7072c3ad236";"https://wegenenverkeer.data.vlaanderen.be/ns/onderdeel#BitumineuzeLaag";125093;"LGC; OTL"
"952d2507-e6a2-4020-8f13-856ea21485ce";"https://wegenenverkeer.data.vlaanderen.be/ns/onderdeel#BitumineuzeLaag";61638;"LGC; OTL"
"9a3de248-5a25-4def-a48b-9f32045a6278";"https://wegenenverkeer.data.vlaanderen.be/ns/onderdeel#BitumineuzeLaag";232195;"OTL; LGC"
"9d8f0dc9-456b-46b8-a016-4d9b39556616";"https://wegenenverkeer.data.vlaanderen.be/ns/onderdeel#BitumineuzeLaag";41398;"LGC; OTL"
"9dedb25a-a90a-4c3a-97c4-7075a47dc354";"https://wegenenverkeer.data.vlaanderen.be/ns/onderdeel#BitumineuzeLaag";81239;"LGC; OTL"
"a25d0831-cd0a-45d2-b37c-4bff4714b3a3";"https://wegenenverkeer.data.vlaanderen.be/ns/onderdeel#BitumineuzeLaag";181044;"LGC; OTL"
"a7a20cd8-a57d-44b3-a699-7258952c0171";"https://wegenenverkeer.data.vlaanderen.be/ns/onderdeel#BitumineuzeLaag";232078;"OTL; LGC"
"aa305a45-56e4-4276-80b9-09323f3c59d1";"https://wegenenverkeer.data.vlaanderen.be/ns/onderdeel#BitumineuzeLaag";32982;"LGC; OTL"
"aaf4d79b-fe49-4e1d-b3d1-9fa23f696596";"https://wegenenverkeer.data.vlaanderen.be/ns/onderdeel#BitumineuzeLaag";119937;"LGC; OTL"
"ac8eedfe-13d0-42a3-a2e6-cc025458f04d";"https://wegenenverkeer.data.vlaanderen.be/ns/onderdeel#BitumineuzeLaag";33443;"LGC; OTL"
"b8ac4de6-a6e5-4315-a137-943b2db0dbd2";"https://wegenenverkeer.data.vlaanderen.be/ns/onderdeel#BitumineuzeLaag";138147;"LGC; OTL"
"bfba0b3b-b9a6-40f2-a1fc-6fa8f5c09bc0";"https://wegenenverkeer.data.vlaanderen.be/ns/onderdeel#BitumineuzeLaag";131155;"LGC; OTL"
"c09cb2f5-77d9-46a8-86f8-b901b19b41ce";"https://wegenenverkeer.data.vlaanderen.be/ns/onderdeel#BitumineuzeLaag";36743;"LGC; OTL"
"c2ad2891-d4f1-43ca-90dd-6c55cf1c56e4";"https://wegenenverkeer.data.vlaanderen.be/ns/onderdeel#BitumineuzeLaag";59569;"LGC; OTL"
"c5e39b3a-b2d8-4750-9b11-0b0600347722";"https://wegenenverkeer.data.vlaanderen.be/ns/onderdeel#BitumineuzeLaag";221432;"OTL; LGC"
"c70510e1-550f-4605-8d99-6babd6d8b66a";"https://wegenenverkeer.data.vlaanderen.be/ns/onderdeel#BitumineuzeLaag";38191;"LGC; OTL"
"c83710ec-e5fd-44fa-9d8a-0f81eb245a40";"https://wegenenverkeer.data.vlaanderen.be/ns/onderdeel#BitumineuzeLaag";34345;"LGC; OTL"
"c96dca37-79ad-4074-886a-bcfdeaaa40bf";"https://wegenenverkeer.data.vlaanderen.be/ns/onderdeel#BitumineuzeLaag";37276;"LGC; OTL"
"c9a0fce5-f85b-439e-80bd-076a0ae023a0";"https://wegenenverkeer.data.vlaanderen.be/ns/onderdeel#BitumineuzeLaag";42099;"LGC; OTL"
"ca6758e2-1146-460f-b27e-41045d542f9f";"https://wegenenverkeer.data.vlaanderen.be/ns/onderdeel#BitumineuzeLaag";73929;"LGC; OTL"
"ca9b48dd-2c17-414b-b320-eb4a65397bc3";"https://wegenenverkeer.data.vlaanderen.be/ns/onderdeel#BitumineuzeLaag";207560;"OTL; LGC"
"caedf156-7971-4bb5-80dc-f6d9621fabe8";"https://wegenenverkeer.data.vlaanderen.be/ns/onderdeel#BitumineuzeLaag";40120;"LGC; OTL"
"cfc49b18-8b0a-44dd-b5f5-fcf8063a3a12";"https://wegenenverkeer.data.vlaanderen.be/ns/onderdeel#BitumineuzeLaag";232815;"OTL; LGC"
"d10ddac8-e030-46b5-bf61-512fc190eb16";"https://wegenenverkeer.data.vlaanderen.be/ns/onderdeel#BitumineuzeLaag";83423;"LGC; OTL"
"d1c5ead3-1639-43e8-9dbe-b03749434453";"https://wegenenverkeer.data.vlaanderen.be/ns/onderdeel#BitumineuzeLaag";42986;"LGC; OTL"
"d388b8dc-f218-4d31-b0eb-9dee6945825c";"https://wegenenverkeer.data.vlaanderen.be/ns/onderdeel#BitumineuzeLaag";261441;"LGC"
"d391d848-5e64-4c50-bfbb-ce204a7b8430";"https://wegenenverkeer.data.vlaanderen.be/ns/onderdeel#BitumineuzeLaag";61705;"LGC; OTL"
"d3aa5191-22ee-43e2-9e09-1364fd6d197d";"https://wegenenverkeer.data.vlaanderen.be/ns/onderdeel#BitumineuzeLaag";98176;"LGC; OTL"
"d47cd52b-f4ef-418d-9e6f-fab4b3b517e1";"https://wegenenverkeer.data.vlaanderen.be/ns/onderdeel#BitumineuzeLaag";61434;"LGC; OTL"
"d599d655-26ed-4df8-8dbf-778d95811cfb";"https://wegenenverkeer.data.vlaanderen.be/ns/onderdeel#BitumineuzeLaag";69096;"LGC; OTL"
"d6aa4100-30f3-4049-ac51-cb7ed0f35e82";"https://wegenenverkeer.data.vlaanderen.be/ns/onderdeel#BitumineuzeLaag";168043;"LGC; OTL"
"dac672fd-0466-4238-a6b5-2795db7a7293";"https://wegenenverkeer.data.vlaanderen.be/ns/onderdeel#BitumineuzeLaag";40872;"LGC; OTL"
"dd0ed4bf-4f41-4cf7-80d8-a1abafbec48c";"https://wegenenverkeer.data.vlaanderen.be/ns/onderdeel#BitumineuzeLaag";40301;"LGC; OTL"
"e3a002ee-a860-4fe1-b9d5-2b44889ffb14";"https://wegenenverkeer.data.vlaanderen.be/ns/onderdeel#BitumineuzeLaag";50358;"LGC; OTL"
"e3d57889-64aa-4711-90dc-2f52f9f0b7a6";"https://wegenenverkeer.data.vlaanderen.be/ns/onderdeel#BitumineuzeLaag";33239;"LGC; OTL"
"e60bb6a4-42ce-45f6-917a-67d324c045e0";"https://wegenenverkeer.data.vlaanderen.be/ns/onderdeel#BitumineuzeLaag";62026;"LGC; OTL"
"e7a0bebd-40aa-4871-b198-c27ef8f7a97f";"https://wegenenverkeer.data.vlaanderen.be/ns/onderdeel#BitumineuzeLaag";43043;"LGC; OTL"
"e8049267-6e61-4c5e-8d8b-ffd792f4bf80";"https://wegenenverkeer.data.vlaanderen.be/ns/onderdeel#BitumineuzeLaag";68224;"LGC; OTL"
"ec4693a8-759d-4649-93e1-d088050d2e93";"https://wegenenverkeer.data.vlaanderen.be/ns/onderdeel#BitumineuzeLaag";100131;"LGC; OTL"
"f06db0c8-88fa-4c5e-b3df-a9639432ba9b";"https://wegenenverkeer.data.vlaanderen.be/ns/onderdeel#BitumineuzeLaag";47742;"LGC; OTL"
"fa69ed3f-85ac-4cee-b367-68b6700a2fef";"https://wegenenverkeer.data.vlaanderen.be/ns/onderdeel#BitumineuzeLaag";46115;"LGC; OTL"
"fba134cb-c417-4f2a-af43-984f6f2b277f";"https://wegenenverkeer.data.vlaanderen.be/ns/onderdeel#BitumineuzeLaag";39840;"LGC; OTL"
"fd7ade98-341b-49a3-b5b8-542fb26bd353";"https://wegenenverkeer.data.vlaanderen.be/ns/onderdeel#BitumineuzeLaag";34042;"LGC; OTL"
"04c36269-6532-494d-a4e9-3ec14ac82227";"https://wegenenverkeer.data.vlaanderen.be/ns/onderdeel#Cementbetonverharding";35280;"LGC; OTL"
"d74c665b-aac9-4957-bcda-444fad63492b";"https://wegenenverkeer.data.vlaanderen.be/ns/onderdeel#Cementbetonverharding";76218;"LGC; OTL"
"8df950b3-97e7-472d-8099-7a0290af4d92";"https://wegenenverkeer.data.vlaanderen.be/ns/onderdeel#Cementbetonverharding";68065;"LGC; OTL"
"d58142bb-3161-4101-8478-5ea6ac49071f";"https://wegenenverkeer.data.vlaanderen.be/ns/onderdeel#Datakabel";48476;"LGC; OTL"
"22e5fbc1-5f51-448c-8a5d-939c58d087f3";"https://wegenenverkeer.data.vlaanderen.be/ns/onderdeel#Datakabel";104154;"OTL; LGC"
"a130c7fd-5292-49cb-a4ee-1e9bc8c95f82";"https://wegenenverkeer.data.vlaanderen.be/ns/onderdeel#Datakabel";48476;"LGC; OTL"
"04211726-32a6-4d16-9b18-205bd68971e5";"https://wegenenverkeer.data.vlaanderen.be/ns/onderdeel#Geotextiel";137763;"OTL; LGC"
"2d826ddd-3a5f-4627-8177-d93a3f400c95";"https://wegenenverkeer.data.vlaanderen.be/ns/onderdeel#Geotextiel";220604;"OTL; LGC"
"4b3d7289-e8b7-4355-b0c3-c09cabe5420f";"https://wegenenverkeer.data.vlaanderen.be/ns/onderdeel#Geotextiel";219954;"OTL; LGC"
"eb17da8c-0db5-44c8-b992-8a1f5f262d07";"https://wegenenverkeer.data.vlaanderen.be/ns/onderdeel#Gracht";35716;"LGC; OTL"
"bab27dd1-293a-4efc-90d4-d3ea2a57f985";"https://wegenenverkeer.data.vlaanderen.be/ns/onderdeel#Gracht";32957;"LGC; OTL"
"04f255c9-0d67-44ba-b515-a0047d7022f1";"https://wegenenverkeer.data.vlaanderen.be/ns/onderdeel#Gracht";33535;"LGC; OTL"
"55259fd2-b226-4150-abcc-88a86c091e1f";"https://wegenenverkeer.data.vlaanderen.be/ns/onderdeel#Gracht";35716;"LGC; OTL"
"b32c7c3c-50e8-4788-a5c8-0dc1276f5c9b";"https://wegenenverkeer.data.vlaanderen.be/ns/onderdeel#Gracht";32957;"LGC; OTL"
"da437221-1b39-4f96-9daa-7b0f35281c6c";"https://wegenenverkeer.data.vlaanderen.be/ns/onderdeel#KabelnetBuis";53007;"LGC; OTL"
"04f98152-2f44-489f-b882-b8061300c253";"https://wegenenverkeer.data.vlaanderen.be/ns/onderdeel#KabelnetBuis";47445;"LGC; OTL"
"299e53a3-3a8d-45e2-99e6-515780da883b";"https://wegenenverkeer.data.vlaanderen.be/ns/onderdeel#KabelnetBuis";37329;"LGC; OTL"
"b26b0e54-4979-462f-9e05-62f0cf4533d5";"https://wegenenverkeer.data.vlaanderen.be/ns/onderdeel#KabelnetBuis";37329;"LGC; OTL"
"a1f75a25-f985-4aa5-ad31-68f8a6250a32";"https://wegenenverkeer.data.vlaanderen.be/ns/onderdeel#KabelnetBuis";53007;"LGC; OTL"
"211bf316-6bae-411d-8145-ea22329ce30a";"https://wegenenverkeer.data.vlaanderen.be/ns/onderdeel#KabelnetBuis";419296;"LGC; OTL"
"69ebc7f9-92da-4024-a582-5fb9435e54ec";"https://wegenenverkeer.data.vlaanderen.be/ns/onderdeel#KabelnetBuis";235813;"LGC; OTL"
"a5a897b6-f503-465c-8214-518a84749df0";"https://wegenenverkeer.data.vlaanderen.be/ns/onderdeel#KabelnetBuis";53007;"LGC; OTL"
"cbcdef6b-5706-4fe0-8e28-69e870400e13";"https://wegenenverkeer.data.vlaanderen.be/ns/onderdeel#KabelnetBuis";87571;"LGC; OTL"
"dc86673a-2ef7-44bc-afa0-eb4552198355";"https://wegenenverkeer.data.vlaanderen.be/ns/onderdeel#KabelnetBuis";53007;"LGC; OTL"
"3a517163-67b2-486b-8dc9-2fad7ea06f63";"https://wegenenverkeer.data.vlaanderen.be/ns/onderdeel#KabelnetBuis";53007;"LGC; OTL"
"1f27983a-87b3-4de0-9b17-cd88981c327b";"https://wegenenverkeer.data.vlaanderen.be/ns/onderdeel#KabelnetBuis";76184;"LGC; OTL"
"36e1e91e-f9a6-4f32-ae15-9f3b6294fd1a";"https://wegenenverkeer.data.vlaanderen.be/ns/onderdeel#KabelnetBuis";37329;"LGC; OTL"
"3f18ed05-8d75-4ed5-932d-9afd9de5befb";"https://wegenenverkeer.data.vlaanderen.be/ns/onderdeel#KabelnetBuis";33138;"LGC; OTL"
"0fe7d398-2273-4be4-b9c8-7f254cc0728a";"https://wegenenverkeer.data.vlaanderen.be/ns/onderdeel#KabelnetBuis";215598;"LGC; OTL"
"5ce6128e-b51e-4756-972e-02b6c89e6a9e";"https://wegenenverkeer.data.vlaanderen.be/ns/onderdeel#KabelnetBuis";33138;"LGC; OTL"
"9928b41f-7fe8-4d6f-a1ea-3170bedbca0f";"https://wegenenverkeer.data.vlaanderen.be/ns/onderdeel#KabelnetBuis";33138;"LGC; OTL"
"c4241bf8-c35a-4c56-9513-1b9477f6508f";"https://wegenenverkeer.data.vlaanderen.be/ns/onderdeel#KabelnetBuis";48231;"LGC; OTL"
"a85c6bf1-2257-49f7-9e3b-26abb8ff87b4";"https://wegenenverkeer.data.vlaanderen.be/ns/onderdeel#KantstrookStd";108111;"OTL; LGC"
"15425364-6c8b-4347-838f-97d846afe218";"https://wegenenverkeer.data.vlaanderen.be/ns/onderdeel#KantstrookStd";184729;"LGC; OTL"
"18496c27-caf3-4d36-bf22-3458806bdc54";"https://wegenenverkeer.data.vlaanderen.be/ns/onderdeel#Onderbouw";206503;"OTL; LGC"
"68d22e17-aa0c-4071-861e-8363295fa6f8";"https://wegenenverkeer.data.vlaanderen.be/ns/onderdeel#Onderbouw";120929;"OTL; LGC"
"4c3710ac-fa56-486c-9e6c-423ea6a6cb55";"https://wegenenverkeer.data.vlaanderen.be/ns/onderdeel#Onderbouw";222652;"OTL; LGC"
"74e4d24c-9081-49dd-a976-7a202b1792e1";"https://wegenenverkeer.data.vlaanderen.be/ns/onderdeel#Onderbouw";110057;"OTL; LGC"
"6a9a7633-a941-49cb-8165-e65785a20de2";"https://wegenenverkeer.data.vlaanderen.be/ns/onderdeel#Onderbouw";120632;"OTL; LGC"
"4cb0ed96-3573-42cf-ba4b-a4a1e4d585fb";"https://wegenenverkeer.data.vlaanderen.be/ns/onderdeel#Onderbouw";207239;"OTL; LGC"
"e01257c6-3cc6-4c06-b489-c9b553a1cb14";"https://wegenenverkeer.data.vlaanderen.be/ns/onderdeel#Onderbouw";260217;"LGC"
"64e97ba8-cc81-4dcf-9f99-2577e88dda19";"https://wegenenverkeer.data.vlaanderen.be/ns/onderdeel#Onderbouw";223340;"OTL; LGC"
"db307e99-0db0-4a20-bd13-3bcf3800aefa";"https://wegenenverkeer.data.vlaanderen.be/ns/onderdeel#Onderbouw";279959;"LGC"
"666d91cb-2b64-452f-9a34-96c6a07770f6";"https://wegenenverkeer.data.vlaanderen.be/ns/onderdeel#Onderbouw";108817;"OTL; LGC"
"19ef7178-7054-4329-81eb-589b14d76abc";"https://wegenenverkeer.data.vlaanderen.be/ns/onderdeel#Onderdoorboring";37678;"LGC; OTL"
"19225f52-9b80-46fb-a7d9-7cec0cad22bc";"https://wegenenverkeer.data.vlaanderen.be/ns/onderdeel#Onderdoorboring";68473;"LGC; OTL"
"c22ddfbe-4a22-42cd-b24a-5ecce0bbadc2";"https://wegenenverkeer.data.vlaanderen.be/ns/onderdeel#Onderdoorboring";74981;"LGC; OTL"
"e2a65c51-d3ad-4a4c-943a-33cc0db59b23";"https://wegenenverkeer.data.vlaanderen.be/ns/onderdeel#Onderdoorboring";52485;"LGC; OTL"
"f9a78b3f-7d86-4336-9310-2eae399ecc25";"https://wegenenverkeer.data.vlaanderen.be/ns/onderdeel#Onderdoorboring";39199;"LGC; OTL"
"3c653518-f9c8-485d-87fa-cf1f96795c01";"https://wegenenverkeer.data.vlaanderen.be/ns/onderdeel#Onderdoorboring";50437;"LGC; OTL"
"176fc3ad-975e-4966-9e75-2db0b692c76c";"https://wegenenverkeer.data.vlaanderen.be/ns/onderdeel#Onderdoorboring";46281;"LGC; OTL"
"faace5b6-9a49-4a3a-b793-77e5fbecdc07";"https://wegenenverkeer.data.vlaanderen.be/ns/onderdeel#Onderdoorboring";50468;"LGC; OTL"
"cba2b175-b952-4ce1-b75d-4c1f19f19139";"https://wegenenverkeer.data.vlaanderen.be/ns/onderdeel#Onderdoorboring";78434;"LGC; OTL"
"2e2d4d1d-1a65-4652-8921-d2d249b123c4";"https://wegenenverkeer.data.vlaanderen.be/ns/onderdeel#Onderdoorboring";39732;"LGC; OTL"
"fd8eea5b-08ea-495d-9f03-dd48bfe50a3c";"https://wegenenverkeer.data.vlaanderen.be/ns/onderdeel#Onderdoorboring";71585;"LGC; OTL"
"1163c74f-bbb5-40af-92f1-65c119450f6a";"https://wegenenverkeer.data.vlaanderen.be/ns/onderdeel#Onderdoorboring";55377;"LGC; OTL"
"0c2a5082-1d1c-4f64-9b2c-520d76501781";"https://wegenenverkeer.data.vlaanderen.be/ns/onderdeel#Onderdoorboring";37376;"LGC; OTL"
"089bd3eb-fb4c-41b7-887a-c24d51e577da";"https://wegenenverkeer.data.vlaanderen.be/ns/onderdeel#Onderdoorboring";59584;"LGC; OTL"
"08740dad-9498-4800-ae30-b6a6d2f00085";"https://wegenenverkeer.data.vlaanderen.be/ns/onderdeel#Onderdoorboring";36617;"LGC; OTL"
"db2a7423-cf10-4d6d-8506-8a7016792375";"https://wegenenverkeer.data.vlaanderen.be/ns/onderdeel#Onderdoorboring";48327;"LGC; OTL"
"96d598fb-6511-4e8c-81df-d250b3af8769";"https://wegenenverkeer.data.vlaanderen.be/ns/onderdeel#Onderdoorboring";54838;"LGC; OTL"
"6edc4f9d-730c-4763-b8d8-cb53deecc594";"https://wegenenverkeer.data.vlaanderen.be/ns/onderdeel#Onderdoorboring";59357;"LGC; OTL"
"9c992d00-ccfe-4e9d-bb1e-4f54e545bf17";"https://wegenenverkeer.data.vlaanderen.be/ns/onderdeel#Onderdoorboring";43893;"LGC; OTL"
"a686c0a7-2a96-4af5-81bc-b6af7f2e50c5";"https://wegenenverkeer.data.vlaanderen.be/ns/onderdeel#Onderdoorboring";50460;"LGC; OTL"
"06bdc29e-235c-4646-a253-d0b1fefb6749";"https://wegenenverkeer.data.vlaanderen.be/ns/onderdeel#Onderdoorboring";52569;"LGC; OTL"
"de8d8fd5-b61a-4603-b464-d7113653639c";"https://wegenenverkeer.data.vlaanderen.be/ns/onderdeel#Onderdoorboring";60840;"LGC; OTL"
"64bc081c-782e-4616-9f02-6b41bbb443a1";"https://wegenenverkeer.data.vlaanderen.be/ns/onderdeel#Onderdoorboring";39743;"LGC; OTL"
"b0a9ef0c-6f6b-472d-8b8f-e852a82ca1c7";"https://wegenenverkeer.data.vlaanderen.be/ns/onderdeel#Onderdoorboring";47344;"LGC; OTL"
"64b33112-7048-4b30-b8ba-b790a7917e44";"https://wegenenverkeer.data.vlaanderen.be/ns/onderdeel#Onderdoorboring";76777;"LGC; OTL"
"b17b05b5-430a-4e42-80ec-d4cf5ccfb887";"https://wegenenverkeer.data.vlaanderen.be/ns/onderdeel#Onderdoorboring";73364;"LGC; OTL"
"5faae04a-5175-4403-ab89-cc18c0415e09";"https://wegenenverkeer.data.vlaanderen.be/ns/onderdeel#Onderdoorboring";48089;"LGC; OTL"
"5f23fca3-7df8-4314-b224-fa05c62769fb";"https://wegenenverkeer.data.vlaanderen.be/ns/onderdeel#Onderdoorboring";42058;"LGC; OTL"
"bbc8b242-fc1c-4fd0-9a4b-c3eadd0d44aa";"https://wegenenverkeer.data.vlaanderen.be/ns/onderdeel#Onderdoorboring";46175;"LGC; OTL"
"5257ee01-95b6-4fa3-9b56-e533cddb7761";"https://wegenenverkeer.data.vlaanderen.be/ns/onderdeel#Onderdoorboring";40796;"LGC; OTL"
"ed19a81c-1e9e-42d3-90f8-b9feed3e8117";"https://wegenenverkeer.data.vlaanderen.be/ns/onderdeel#Signaalkabel";48476;"LGC; OTL"
"2b8a301c-ed8e-4a2b-8103-57024f916fb3";"https://wegenenverkeer.data.vlaanderen.be/ns/onderdeel#Signaalkabel";48476;"LGC; OTL"
"5c1d1c04-3785-477f-8346-3a08e703bdfd";"https://wegenenverkeer.data.vlaanderen.be/ns/onderdeel#Sleuf";61658;"LGC; OTL"
"9fd83853-0f5e-48ba-b41b-e33afbb74897";"https://wegenenverkeer.data.vlaanderen.be/ns/onderdeel#TrottoirbandStd";167273;"OTL; LGC"
"2b5fd2e4-4196-46b3-954a-26af5a79b0a8";"https://wegenenverkeer.data.vlaanderen.be/ns/onderdeel#TrottoirbandStd";106406;"OTL; LGC"
"63d7fbed-dc61-490d-af2c-75a4dd85cd43";"https://wegenenverkeer.data.vlaanderen.be/ns/onderdeel#Voedingskabel";48476;"LGC; OTL"
"d428585b-9edb-4d29-9fdb-f9e7b91aeb5a";"https://wegenenverkeer.data.vlaanderen.be/ns/onderdeel#Voedingskabel";68518;"LGC; OTL"
"162d82a9-2a3d-4b81-b74a-b99538d24824";"https://wegenenverkeer.data.vlaanderen.be/ns/onderdeel#Voedingskabel";35654;"LGC; OTL"
